<?xml version='1.0' encoding='UTF-8'?>
<!DOCTYPE hibernate-configuration PUBLIC  
   "-//Hibernate/Hibernate Configuration DTD 5.3//EN"  
   "http://hibernate.org/dtd/hibernate-configuration-3.0.dtd">

<hibernate-configuration>
    <session-factory name="">
        <property name="hibernate.connection.driver_class">com.mysql.jdbc.Driver</property>
        <property name="hibernate.connection.url">jdbc:mysql://localhost:3306/activitat4</property>
        <property name="hibernate.connection.username">aniol</property>
        <property name="hibernate.connection.password">aniol1234</property>
        <property name="hibernate.show_sql">true</property>
        <property name="hibernate.format_sql">true</property>
        <property name="hibernate.hbm2ddl.auto">update</property>
        <property name="hibernate.dialect">org.hibernate.dialect.MySQLDialect</property>
        <!-- Evitar l'ús de JNDI -->
        <property name="hibernate.jndi.class"></property>
        <property name="hibernate.jndi.url"></property>
        <property name="hibernate.session_factory_name"></property>
        <mapping class="dam2.hibernate.Usuaris"/>
    </session-factory>
</hibernate-configuration>