{
  "project_info": {
    "project_number": "231618493309",
    "firebase_url": "https://m8-uf2-a4-default-rtdb.europe-west1.firebasedatabase.app/",
    "project_id": "m8-uf2-a4",
    "storage_bucket": "m8-uf2-a4.firebasestorage.app"
  },
  "client": [
    {
      "client_info": {
        "mobilesdk_app_id": "1:231618493309:android:9609d4e69aa8d005e4aa14",
        "android_client_info": {
          "package_name": "dam2.amoreno.uf2_a4"
        }
      },
      "oauth_client": [],
      "api_key": [
        {
          "current_key": "AIzaSyBx95plHEwzHXRhikisTSsglCWLwwd3-8k"
        }
      ],
      "services": {
        "appinvite_service": {
          "other_platform_oauth_client": []
        }
      }
    }
  ],
  "configuration_version": "1"
}